[{"categoryString":"EXTENSION","dateBuilt":"2022-06-05T14:23:05-0400","nonVisible":"true","iconName":"aiwebres/scale.png","methods":[],"blockProperties":[{"rw":"read-write","deprecated":"false","name":"BluetoothDevice","description":"Determines the BluetoothLE component that represents the connection to the remote device.","type":"component"},{"rw":"read-only","deprecated":"false","name":"IsSupported","description":"Indicates whether the connected device represented by the BluetoothDevice provides\n the information required for this FoodScale to work correctly.","type":"boolean"},{"rw":"read-only","deprecated":"false","name":"MassInGrams","description":"The mass reported by the scale in grams.","type":"number"},{"rw":"read-only","deprecated":"false","name":"Reading","description":"The reading reported by the scale in the units specified by the Unit property.","type":"number"},{"rw":"read-only","deprecated":"false","name":"ScaleSupported","description":"Tests whether the extension can understand the scale's messages.","type":"boolean"},{"rw":"read-only","deprecated":"false","name":"Unit","description":"The unit configured on the scale for reading.","type":"text"}],"helpUrl":"","licenseName":"","type":"edu.mit.appinventor.iot.foodscale.FoodScale","androidMinSdk":7,"version":"20220604","external":"true","showOnPalette":"true","name":"FoodScale","helpString":"Component for FoodScale","properties":[{"defaultValue":"","name":"BluetoothDevice","editorArgs":[],"editorType":"component:edu.mit.appinventor.ble.BluetoothLE"}],"events":[{"deprecated":"false","name":"WeightReport","description":"Runs when the scale reports new data.","params":[{"name":"reading","type":"number"},{"name":"unit","type":"text"}]}]}]